<?xml version="1.0" encoding="UTF-8"?>

<channel name="xfce4-notifyd" version="1.0">
  <property name="applications" type="empty">
    <property name="known_applications" type="array">
      <value type="string" value="org.xfce.Thunar"/>
      <value type="string" value="Xfce4-notifyd settings"/>
      <value type="string" value="xfce4-settings-helper"/>
    </property>
  </property>
  <property name="primary-monitor" type="uint" value="0"/>
  <property name="notify-location" type="uint" value="2"/>
  <property name="log-level" type="uint" value="0"/>
  <property name="log-level-apps" type="uint" value="0"/>
  <property name="theme" type="string" value="Smoke"/>
  <property name="initial-opacity" type="double" value="1"/>
  <property name="show-text-with-gauge" type="bool" value="false"/>
  <property name="expire-timeout" type="int" value="8"/>
  <property name="do-slideout" type="bool" value="true"/>
  <property name="do-fadeout" type="bool" value="true"/>
</channel>
