<?xml version="1.0" encoding="UTF-8"?>

<channel name="xfce4-panel" version="1.0">
  <property name="configver" type="int" value="2"/>
  <property name="panels" type="array">
    <value type="int" value="1"/>
    <property name="dark-mode" type="bool" value="true"/>
    <property name="panel-1" type="empty">
      <property name="position" type="string" value="p=8;x=960;y=975"/>
      <property name="length" type="uint" value="100"/>
      <property name="position-locked" type="bool" value="true"/>
      <property name="icon-size" type="uint" value="22"/>
      <property name="size" type="uint" value="32"/>
      <property name="plugin-ids" type="array">
        <value type="int" value="1"/>
        <value type="int" value="2"/>
        <value type="int" value="3"/>
        <value type="int" value="5"/>
        <value type="int" value="6"/>
        <value type="int" value="8"/>
        <value type="int" value="10"/>
        <value type="int" value="12"/>
        <value type="int" value="14"/>
      </property>
      <property name="background-style" type="uint" value="1"/>
      <property name="background-rgba" type="array">
        <value type="double" value="0.20784313725490197"/>
        <value type="double" value="0.20784313725490197"/>
        <value type="double" value="0.20784313725490197"/>
        <value type="double" value="0.80067567567567566"/>
      </property>
    </property>
  </property>
  <property name="plugins" type="empty">
    <property name="plugin-1" type="string" value="applicationsmenu">
      <property name="button-icon" type="string" value="/usr/share/icons/viridianOS/viridianOS_icon.png"/>
      <property name="button-title" type="string" value=""/>
      <property name="show-button-title" type="bool" value="false"/>
    </property>
    <property name="plugin-2" type="string" value="tasklist">
      <property name="grouping" type="uint" value="1"/>
      <property name="show-handle" type="bool" value="false"/>
      <property name="show-tooltips" type="bool" value="true"/>
      <property name="show-labels" type="bool" value="true"/>
      <property name="flat-buttons" type="bool" value="true"/>
    </property>
    <property name="plugin-3" type="string" value="separator">
      <property name="expand" type="bool" value="true"/>
      <property name="style" type="uint" value="0"/>
    </property>
    <property name="plugin-5" type="string" value="separator">
      <property name="style" type="uint" value="0"/>
    </property>
    <property name="plugin-6" type="string" value="systray">
      <property name="square-icons" type="bool" value="true"/>
      <property name="known-legacy-items" type="array">
        <value type="string" value="mintupdate.py"/>
        <value type="string" value="tray.py"/>
        <value type="string" value="ethernet network connection “wired connection 1” active"/>
      </property>
    </property>
    <property name="plugin-8" type="string" value="pulseaudio">
      <property name="enable-keyboard-shortcuts" type="bool" value="true"/>
      <property name="show-notifications" type="bool" value="true"/>
    </property>
    <property name="plugin-10" type="string" value="notification-plugin"/>
    <property name="plugin-12" type="string" value="clock">
      <property name="digital-date-font" type="string" value="Sans 10"/>
      <property name="digital-time-font" type="string" value="Sans 8"/>
    </property>
    <property name="plugin-14" type="string" value="actions">
      <property name="appearance" type="uint" value="0"/>
      <property name="items" type="array">
        <value type="string" value="-lock-screen"/>
        <value type="string" value="-switch-user"/>
        <value type="string" value="-separator"/>
        <value type="string" value="-suspend"/>
        <value type="string" value="-hibernate"/>
        <value type="string" value="-hybrid-sleep"/>
        <value type="string" value="-separator"/>
        <value type="string" value="-shutdown"/>
        <value type="string" value="-restart"/>
        <value type="string" value="-separator"/>
        <value type="string" value="+logout"/>
        <value type="string" value="-logout-dialog"/>
      </property>
    </property>
  </property>
</channel>
